{
  "architecture": {
    "Baseline": {
      "avg_g_loss": 3.438453052959333
    },
    "Deeper": {
      "avg_g_loss": 4.580709033156101
    },
    "Wider": {
      "avg_g_loss": 4.293500025294999
    },
    "Residual": {
      "avg_g_loss": 1.563122821401061
    }
  },
  "hyperparameter": {
    "LR_0.0001": {
      "avg_g_loss": 2.0782199912648487
    },
    "LR_0.0002": {
      "avg_g_loss": 2.6936807040882997
    },
    "LR_0.0005": {
      "avg_g_loss": 3.128429452280773
    },
    "BS_32": {
      "avg_g_loss": 3.321926484673927
    },
    "BS_64": {
      "avg_g_loss": 2.4963368733090623
    },
    "BS_128": {
      "avg_g_loss": 2.031109910955743
    },
    "Z_32": {
      "avg_g_loss": 2.469552478753564
    },
    "Z_64": {
      "avg_g_loss": 2.6866592485212153
    },
    "Z_128": {
      "avg_g_loss": 2.9225047366026478
    }
  }
}