{
  "best_overall": {
    "name": "BatchSize=128",
    "avg_g_loss": 2.1409948466820667,
    "avg_d_loss": 0.5399598254534881
  },
  "all_experiments": {
    "LR_0.0001": {
      "avg_g_loss": 2.640871658022831,
      "avg_d_loss": 0.3891022018078668,
      "time": 263.21623396873474
    },
    "LR_0.0002": {
      "avg_g_loss": 2.969377427095051,
      "avg_d_loss": 0.3744222481949424,
      "time": 258.9536337852478
    },
    "LR_0.0005": {
      "avg_g_loss": 3.3987968306056264,
      "avg_d_loss": 0.38046068085291723,
      "time": 231.64274907112122
    },
    "LR_0.001": {
      "avg_g_loss": 3.614727754683128,
      "avg_d_loss": 0.4066562217603764,
      "time": 236.94648504257202
    },
    "BS_32": {
      "avg_g_loss": 3.556571490803885,
      "avg_d_loss": 0.2949228760178811,
      "time": 438.80805802345276
    },
    "BS_64": {
      "avg_g_loss": 3.104269888993876,
      "avg_d_loss": 0.34134429835088625,
      "time": 202.9268388748169
    },
    "BS_128": {
      "avg_g_loss": 2.1409948466820667,
      "avg_d_loss": 0.5399598254534881,
      "time": 135.9562168121338
    },
    "Z_32": {
      "avg_g_loss": 2.916687756438794,
      "avg_d_loss": 0.3916942549391526,
      "time": 206.86477613449097
    },
    "Z_64": {
      "avg_g_loss": 3.10652639681561,
      "avg_d_loss": 0.34087372096028595,
      "time": 198.80511260032654
    },
    "Z_100": {
      "avg_g_loss": 2.9712361621562793,
      "avg_d_loss": 0.36946371318207594,
      "time": 205.76646876335144
    },
    "Z_128": {
      "avg_g_loss": 3.1754696888897174,
      "avg_d_loss": 0.32772257059837895,
      "time": 196.59067034721375
    },
    "Beta_0.5_0.999": {
      "avg_g_loss": 3.188735215730321,
      "avg_d_loss": 0.3389219189346915,
      "time": 191.49429440498352
    },
    "Beta_0.0_0.9": {
      "avg_g_loss": 2.7454102238926614,
      "avg_d_loss": 0.4561248845153923,
      "time": 190.15189623832703
    },
    "Beta_0.9_0.999": {
      "avg_g_loss": 2.99714626620569,
      "avg_d_loss": 0.32259576007214114,
      "time": 187.55549240112305
    }
  }
}